{
    "train_config": {
        "batch_size": 256,
        "num_epochs": 100,
        "train_ratio": 0.9,
        "learning_rate": 0.001,
        "optimizer": "adam",
        "seq_len": 100
    },
    "dkt": {
        "emb_size": 100,
        "hidden_size": 100
    },
    "dkt+": {
        "emb_size": 100,
        "hidden_size": 100,
        "lambda_r": 0.01,
        "lambda_w1": 0.003,
        "lambda_w2": 3.0
    },
    "dkvmn": {
        "dim_s": 50,
        "size_m": 20
    },
    "sakt": {
        "n": 100,
        "d": 100,
        "num_attn_heads": 5,
        "dropout": 0.2
    },
    "saint": {
        "n": 100,
        "d": 30,
        "num_attn_heads": 5,
        "dropout": 0.6
    },
    "gkt": {
        "hidden_size": 30,
        "num_attn_heads": 2,
        "method": "PAM"
    },
    "skillbuilder": {
        "emb_size": 100,
        "hidden_size": 100
        }

}